{
  "andmekaitse_küsimused": {
    "precision": 1.0,
    "recall": 0.95,
    "f1-score": 0.9743589743589743,
    "support": 20,
    "confused_with": {
      "common_eitamine": 1
    }
  },
  "common_eitamine": {
    "precision": 0.9375,
    "recall": 0.9574468085106383,
    "f1-score": 0.9473684210526315,
    "support": 47,
    "confused_with": {
      "common_kinnitamine": 2
    }
  },
  "rahvaarv": {
    "precision": 1.0,
    "recall": 1.0,
    "f1-score": 1.0,
    "support": 16,
    "confused_with": {}
  },
  "common_tervitus": {
    "precision": 0.8823529411764706,
    "recall": 0.9375,
    "f1-score": 0.9090909090909091,
    "support": 16,
    "confused_with": {
      "common_eitamine": 1
    }
  },
  "common_kinnitamine": {
    "precision": 0.9516129032258065,
    "recall": 0.9516129032258065,
    "f1-score": 0.9516129032258065,
    "support": 62,
    "confused_with": {
      "common_tervitus": 1,
      "common_kelle_loodud": 1
    }
  },
  "common_hüvasti_jätmine": {
    "precision": 0.8888888888888888,
    "recall": 0.8888888888888888,
    "f1-score": 0.8888888888888888,
    "support": 18,
    "confused_with": {
      "common_kinnitamine": 1,
      "common_eitamine": 1
    }
  },
  "kompliment": {
    "precision": 0.7777777777777778,
    "recall": 0.875,
    "f1-score": 0.823529411764706,
    "support": 8,
    "confused_with": {
      "common_hüvasti_jätmine": 1
    }
  },
  "common_kelle_loodud": {
    "precision": 0.95,
    "recall": 0.8636363636363636,
    "f1-score": 0.9047619047619048,
    "support": 22,
    "confused_with": {
      "kompliment": 2,
      "common_tervitus": 1
    }
  },
  "common_teenus_ilm": {
    "precision": 1.0,
    "recall": 1.0,
    "f1-score": 1.0,
    "support": 67,
    "confused_with": {}
  },
  "accuracy": 0.9528985507246377,
  "macro avg": {
    "precision": 0.9320147234521049,
    "recall": 0.9360094404735219,
    "f1-score": 0.9332901570159802,
    "support": 276
  },
  "weighted avg": {
    "precision": 0.9539940915979919,
    "recall": 0.9528985507246377,
    "f1-score": 0.9530867645687944,
    "support": 276
  }
}