{
  "common_eitamine": {
    "precision": 0.9508196721311475,
    "recall": 0.9666666666666667,
    "f1-score": 0.9586776859504132,
    "support": 60,
    "confused_with": {
      "common_kinnitamine": 2
    }
  },
  "common_kinnitamine": {
    "precision": 0.9444444444444444,
    "recall": 0.9577464788732394,
    "f1-score": 0.951048951048951,
    "support": 71,
    "confused_with": {
      "common_eitamine": 2,
      "common_kelle_loodud": 1
    }
  },
  "common_kelle_loodud": {
    "precision": 0.9705882352941176,
    "recall": 0.9428571428571428,
    "f1-score": 0.9565217391304348,
    "support": 35,
    "confused_with": {
      "kompliment": 2
    }
  },
  "common_hüvasti_jätmine": {
    "precision": 0.9565217391304348,
    "recall": 0.7857142857142857,
    "f1-score": 0.8627450980392156,
    "support": 28,
    "confused_with": {
      "common_kinnitamine": 2,
      "kompliment": 1
    }
  },
  "common_tervitus": {
    "precision": 1.0,
    "recall": 1.0,
    "f1-score": 1.0,
    "support": 23,
    "confused_with": {}
  },
  "common_teenus_ilm": {
    "precision": 0.9852941176470589,
    "recall": 1.0,
    "f1-score": 0.9925925925925926,
    "support": 67,
    "confused_with": {}
  },
  "kompliment": {
    "precision": 0.7,
    "recall": 0.875,
    "f1-score": 0.7777777777777777,
    "support": 8,
    "confused_with": {
      "common_hüvasti_jätmine": 1
    }
  },
  "rahvaarv": {
    "precision": 1.0,
    "recall": 1.0,
    "f1-score": 1.0,
    "support": 16,
    "confused_with": {}
  },
  "andmekaitse_küsimused": {
    "precision": 0.9666666666666667,
    "recall": 1.0,
    "f1-score": 0.983050847457627,
    "support": 29,
    "confused_with": {}
  },
  "accuracy": 0.9584569732937686,
  "macro avg": {
    "precision": 0.9415927639237633,
    "recall": 0.9475538415679261,
    "f1-score": 0.9424905213330013,
    "support": 337
  },
  "weighted avg": {
    "precision": 0.9599583739764304,
    "recall": 0.9584569732937686,
    "f1-score": 0.9582037412414264,
    "support": 337
  }
}